<Mood>
	<Light EnableStars="0" Latitude="20" DayTime01="0.56" LocalLightX="1" HelperHdrX="0.7">
		<LAmbient Color="dce5ff" Scale="0.223238"/>
		<LDirSun Color="fff7ea" Scale="0.685042"/>
		<LDirMoon Color="" Scale="1"/>
		<T3SpecularLocal ScaleIntens="0.5" ScaleExponent="1"/>
		<T3LightMap MaxHDR="2" BounceFactor="1.7" SkyFactor="1.2" SkyUseClouds="1"/>
	</Light>
	<Atmo MoonHdrScale="0" FxSmSelfIllumScaleGamePlay="1.2">
		<HdrSun Power="10000">
			<Atmo1 Power="500" Color="ffebd4" Scale="1.10006"/>
			<Atmo2 Power="10" Color="ffead2" Scale="0.286018"/>
		</HdrSun>
		<Clouds MinRgb="" MinRgbX="1" MaxRgb="ffffff" MaxRgbX="1.00006" GodLightIntens="0.02" SunThroughIntens="0.01">
			<EdgeLight>
				<Layer0 Power="128" Scale="1"/>
				<Layer1 Power="10" Scale="1"/>
				<Layer2 Power="1" Scale="0.25"/>
			</EdgeLight>
			<LDirFront Back_Dot="-1" Back_Intens="0" Front_Dot="1" Front_Intens="0.048"/>
			<LDirBack Back_Dot="-0.936" Back_Intens="0" Front_Dot="1" Front_Intens="0.42"/>
		</Clouds>
		<CloudsX2 MinRgb="f1f4ff" MinRgbX="0.200012" MaxRgb="ffffff" MaxRgbX="0.659042"/>
		<CloudsVortex MinRgb="32383d" MaxRgb="5a6878"/>
		<FogMatter Count="0"/>
	</Atmo>
	<Fog Enabled="1" DepthMin="12" DepthMax="3000" Exponant="0.5" IntensMin="0" IntensMax="0.9" Color="414344">
		<Height YBottom="-50" YTop="400" MulBottom="1" MulTop="1"/>
		<Clouds DepthMax="45000" Exponant="1.2" IntensMax="0.9"/>
		<SkyClouds GlobalIntens="0"/>
		<WaterFog Version="1" CausticIntens="10" CausticSize="3" CausticPeriodMs="2500"/>
	</Fog>
	<Fx>
		<T3Bloom StreaksIntens="0.15" StreaksAttenuation="0.5">
			<HdrNorm_to_Intens>
				<Key In="0" Out="0"/>
				<Key In="0.75" Out="0"/>
				<Key In="1.5" Out="0.7"/>
				<Key In="64" Out="0.01"/>
			</HdrNorm_to_Intens>
		</T3Bloom>
		<T3ToneMap FilmCurve="Preset3">
			<AutoExp MinExposure="-1" MaxExposure="6" SecondsToMidFalloff="0.4">
				<AvgLumi_to_KeyValue>
					<Key In="0" Out="0.06"/>
					<Key In="0.025" Out="0.1"/>
					<Key In="0.05" Out="0.15"/>
					<Key In="0.18" Out="0.5"/>
					<Key In="0.2" Out="0.55"/>
				</AvgLumi_to_KeyValue>
			</AutoExp>
		</T3ToneMap>
		<ColorGrading FileName="" Intensity="1"/>
	</Fx>
</Mood>
