<Mood>
	<Light EnableStars="0" Latitude="20" DayTime01="0.519" LocalLightX="1" HelperHdrX="0.4">
		<LAmbient Color="ffe5d4" Scale="0.0905866"/>
		<LDirSun Color="ffe3c4" Scale="0.44502"/>
		<LDirMoon Color="" Scale="1"/>
		<T3SpecularLocal ScaleIntens="0.35" ScaleExponent="1"/>
		<T3LightMap MaxHDR="1.3" BounceFactor="2" SkyFactor="0.9" SkyUseClouds="1"/>
	</Light>
	<Atmo MoonHdrScale="0.1" FxSmSelfIllumScaleGamePlay="1">
		<HdrSun Power="300000">
			<Atmo1 Power="30" Color="cbe8ff" Scale="0.300003"/>
			<Atmo2 Power="5" Color="ffb368" Scale="0.100001"/>
		</HdrSun>
		<Clouds MinRgb="" MinRgbX="1" MaxRgb="ffffff" MaxRgbX="1.00005" GodLightIntens="0.025" SunThroughIntens="2">
			<EdgeLight>
				<Layer0 Power="32" Scale="2"/>
				<Layer1 Power="8" Scale="0.5"/>
				<Layer2 Power="4" Scale="0.25"/>
			</EdgeLight>
			<LDirFront Back_Dot="0.096" Back_Intens="0" Front_Dot="1" Front_Intens="0.468"/>
			<LDirBack Back_Dot="-0.388" Back_Intens="0.08" Front_Dot="1" Front_Intens="0.646"/>
		</Clouds>
		<CloudsX2 MinRgb="e1e6ff" MinRgbX="0.267015" MaxRgb="ffffff" MaxRgbX="0.77304"/>
		<CloudsVortex MinRgb="302723" MaxRgb="554a42"/>
		<FogMatter Count="0"/>
	</Atmo>
	<Fog Enabled="1" DepthMin="4" DepthMax="2500" Exponant="0.5" IntensMin="0" IntensMax="0.896" Color="33363f">
		<Height YBottom="-50" YTop="300" MulBottom="0.85" MulTop="0.672"/>
		<Clouds DepthMax="30000" Exponant="0.7" IntensMax="0.87"/>
		<SkyClouds GlobalIntens="0"/>
		<WaterFog Version="1" CausticIntens="10" CausticSize="3" CausticPeriodMs="25000"/>
	</Fog>
	<Fx>
		<T3Bloom StreaksIntens="0.2" StreaksAttenuation="0.7">
			<HdrNorm_to_Intens>
				<Key In="0" Out="0"/>
				<Key In="2" Out="0"/>
				<Key In="4" Out="0.65"/>
				<Key In="8" Out="0.8"/>
				<Key In="64" Out="0.01"/>
			</HdrNorm_to_Intens>
		</T3Bloom>
		<T3ToneMap FilmCurve="Preset3">
			<AutoExp MinExposure="-4" MaxExposure="4" SecondsToMidFalloff="0.25">
				<AvgLumi_to_KeyValue>
					<Key In="0.005" Out="0.07"/>
					<Key In="0.01" Out="0.07"/>
					<Key In="0.03" Out="0.15"/>
					<Key In="0.1" Out="0.25"/>
				</AvgLumi_to_KeyValue>
			</AutoExp>
		</T3ToneMap>
		<ColorGrading FileName="" Intensity="1"/>
	</Fx>
</Mood>
