<Mood>
	<Light EnableStars="1" Latitude="20" DayTime01="0.15" LocalLightX="1" HelperHdrX="0.25">
		<LAmbient Color="bbccff" Scale="0.0271545"/>
		<LDirSun Color="" Scale="1"/>
		<LDirMoon Color="91a4ff" Scale="0.0887036"/>
		<T3SpecularLocal ScaleIntens="2" ScaleExponent="1"/>
		<T3LightMap MaxHDR="1.4" BounceFactor="2" SkyFactor="1" SkyUseClouds="1"/>
	</Light>
	<Atmo MoonHdrScale="0.5" FxSmSelfIllumScaleGamePlay="1">
		<HdrSun Power="10000">
			<Atmo1 Power="50" Color="8ea3ff" Scale="0.100001"/>
			<Atmo2 Power="1" Color="8aa6ff" Scale="0.0200002"/>
		</HdrSun>
		<Clouds MinRgb="" MinRgbX="1" MaxRgb="ffffff" MaxRgbX="1.00004" GodLightIntens="0.03" SunThroughIntens="0.75">
			<EdgeLight>
				<Layer0 Power="60" Scale="10"/>
				<Layer1 Power="8" Scale="2"/>
				<Layer2 Power="1" Scale="1"/>
			</EdgeLight>
			<LDirFront Back_Dot="0.576" Back_Intens="0" Front_Dot="1" Front_Intens="0.316"/>
			<LDirBack Back_Dot="-0.412" Back_Intens="0.19" Front_Dot="1" Front_Intens="0.374"/>
		</Clouds>
		<CloudsX2 MinRgb="ffffff" MinRgbX="0.208008" MaxRgb="ffffff" MaxRgbX="0.812032"/>
		<CloudsVortex MinRgb="060709" MaxRgb="171726"/>
		<FogMatter Count="0"/>
	</Atmo>
	<Fog Enabled="1" DepthMin="16" DepthMax="4000" Exponant="0.7" IntensMin="0" IntensMax="0.95" Color="0e0e12">
		<Height YBottom="-500" YTop="800" MulBottom="0.898" MulTop="0.372"/>
		<Clouds DepthMax="45000" Exponant="1.3" IntensMax="0.95"/>
		<SkyClouds GlobalIntens="0"/>
		<WaterFog Version="1" CausticIntens="6" CausticSize="4" CausticPeriodMs="1000"/>
	</Fog>
	<Fx>
		<T3Bloom StreaksIntens="0.2" StreaksAttenuation="0.6">
			<HdrNorm_to_Intens>
				<Key In="0" Out="0"/>
				<Key In="1.5" Out="0"/>
				<Key In="2" Out="0.4"/>
				<Key In="6" Out="0.45"/>
				<Key In="64" Out="0.01"/>
			</HdrNorm_to_Intens>
		</T3Bloom>
		<T3ToneMap FilmCurve="Preset3">
			<AutoExp MinExposure="0" MaxExposure="4" SecondsToMidFalloff="0.4">
				<AvgLumi_to_KeyValue>
					<Key In="0.001" Out="0.02"/>
					<Key In="0.002" Out="0.025"/>
					<Key In="0.005" Out="0.03"/>
					<Key In="0.025" Out="0.07"/>
				</AvgLumi_to_KeyValue>
			</AutoExp>
		</T3ToneMap>
		<ColorGrading FileName="" Intensity="1"/>
	</Fx>
</Mood>
