<Mood>
	<Light EnableStars="1" Latitude="20" DayTime01="0.73" LocalLightX="1" HelperHdrX="0.5">
		<LAmbient Color="ffc8bd" Scale="0.337188"/>
		<LDirSun Color="ffbb9c" Scale="0.768072"/>
		<LDirMoon Color="" Scale="1"/>
		<T3SpecularLocal ScaleIntens="1" ScaleExponent="1"/>
		<T3LightMap MaxHDR="1.7" BounceFactor="2" SkyFactor="1" SkyUseClouds="1"/>
	</Light>
	<Atmo MoonHdrScale="0" FxSmSelfIllumScaleGamePlay="1.5">
		<HdrSun Power="15000">
			<Atmo1 Power="16" Color="ffb33f" Scale="0.800032"/>
			<Atmo2 Power="2" Color="ff924a" Scale="0.50002"/>
		</HdrSun>
		<Clouds MinRgb="" MinRgbX="1" MaxRgb="ffffff" MaxRgbX="1.00009" GodLightIntens="0.1" SunThroughIntens="3">
			<EdgeLight>
				<Layer0 Power="1500" Scale="16"/>
				<Layer1 Power="16" Scale="1"/>
				<Layer2 Power="1" Scale="0.5"/>
			</EdgeLight>
			<LDirFront Back_Dot="-0.548" Back_Intens="0" Front_Dot="1" Front_Intens="0.452"/>
			<LDirBack Back_Dot="-0.16" Back_Intens="0" Front_Dot="0.936" Front_Intens="0.322"/>
		</Clouds>
		<CloudsX2 MinRgb="ffffff" MinRgbX="0.153018" MaxRgb="ffffff" MaxRgbX="0.827072"/>
		<CloudsVortex MinRgb="453932" MaxRgb="80604d"/>
		<FogMatter Count="0"/>
	</Atmo>
	<Fog Enabled="1" DepthMin="32" DepthMax="4500" Exponant="0.5" IntensMin="0" IntensMax="0.96" Color="463a35">
		<Height YBottom="-100" YTop="400" MulBottom="0.8" MulTop="1"/>
		<Clouds DepthMax="45000" Exponant="1" IntensMax="0.9"/>
		<SkyClouds GlobalIntens="0"/>
		<WaterFog Version="1" CausticIntens="10" CausticSize="3" CausticPeriodMs="2500"/>
	</Fog>
	<Fx>
		<T3Bloom StreaksIntens="0.2" StreaksAttenuation="0.7">
			<HdrNorm_to_Intens>
				<Key In="0" Out="0"/>
				<Key In="1.5" Out="0"/>
				<Key In="3" Out="0.3"/>
				<Key In="4" Out="1"/>
				<Key In="64" Out="0.01"/>
			</HdrNorm_to_Intens>
		</T3Bloom>
		<T3ToneMap FilmCurve="Preset3">
			<AutoExp MinExposure="-2" MaxExposure="4.5" SecondsToMidFalloff="0.25">
				<AvgLumi_to_KeyValue>
					<Key In="0" Out="0.03"/>
					<Key In="0.005" Out="0.03"/>
					<Key In="0.01" Out="0.07"/>
					<Key In="0.05" Out="0.13"/>
					<Key In="0.2" Out="0.245"/>
					<Key In="0.5" Out="0.4"/>
					<Key In="1" Out="0.5"/>
				</AvgLumi_to_KeyValue>
			</AutoExp>
		</T3ToneMap>
		<ColorGrading FileName="" Intensity="1"/>
	</Fx>
</Mood>
